lambda,case_A,case_B
350,0.062,0.181
351,0.058,0.18
352,0.058,0.181
353,0.055,0.182
354,0.048,0.179
355,0.046,0.176
356,0.048,0.1729
357,0.048,0.1719
358,0.049,0.17
359,0.048,0.169
360,0.045,0.171
361,0.044,0.17
362,0.0429,0.168
363,0.042,0.166
364,0.04,0.164
365,0.042,0.162
366,0.042,0.164
367,0.039,0.166
368,0.037,0.164
369,0.037,0.16
370,0.037,0.16
371,0.038,0.162
372,0.039,0.161
373,0.036,0.161
374,0.036,0.161
375,0.038,0.162
376,0.036,0.16
377,0.035,0.159
378,0.035,0.159
379,0.035,0.16
380,0.035,0.16
381,0.036,0.161
382,0.036,0.162
383,0.034,0.162
384,0.034,0.159
385,0.035,0.158
386,0.036,0.16
387,0.034,0.161
388,0.035,0.16
389,0.036,0.16
390,0.035,0.16
391,0.032,0.16
392,0.032,0.16
393,0.033,0.16
394,0.033,0.16
395,0.034,0.159
396,0.034,0.158
397,0.034,0.159
398,0.035,0.161
399,0.034,0.161
400,0.034,0.161
401,0.034,0.161
402,0.033,0.16
403,0.033,0.161
404,0.034,0.161
405,0.035,0.16
406,0.034,0.161
407,0.034,0.161
408,0.034,0.161
409,0.035,0.16
410,0.033,0.16
411,0.033,0.16
412,0.035,0.161
413,0.036,0.161
414,0.035,0.161
415,0.034,0.161
416,0.033,0.161
417,0.034,0.161
418,0.034,0.16
419,0.034,0.16
420,0.034,0.16
421,0.033,0.159
422,0.033,0.159
423,0.033,0.159
424,0.034,0.16
425,0.033,0.159
426,0.033,0.159
427,0.033,0.158
428,0.034,0.159
429,0.034,0.159
430,0.034,0.158
431,0.033,0.158
432,0.033,0.158
433,0.033,0.157
434,0.033,0.157
435,0.033,0.158
436,0.033,0.157
437,0.033,0.157
438,0.033,0.157
439,0.033,0.157
440,0.033,0.157
441,0.033,0.157
442,0.033,0.156
443,0.033,0.157
444,0.033,0.157
445,0.033,0.157
446,0.033,0.157
447,0.033,0.157
448,0.033,0.157
449,0.033,0.157
450,0.034,0.157
451,0.034,0.157
452,0.034,0.157
453,0.033,0.157
454,0.033,0.157
455,0.033,0.158
456,0.034,0.158
457,0.034,0.158
458,0.034,0.158
459,0.034,0.158
460,0.034,0.158
461,0.034,0.158
462,0.034,0.158
463,0.034,0.158
464,0.034,0.158
465,0.034,0.158
466,0.034,0.158
467,0.034,0.158
468,0.034,0.158
469,0.034,0.157
470,0.034,0.157
471,0.034,0.157
472,0.034,0.157
473,0.033,0.157
474,0.033,0.157
475,0.034,0.157
476,0.034,0.157
477,0.034,0.157
478,0.033,0.157
479,0.034,0.157
480,0.034,0.157
481,0.034,0.157
482,0.034,0.157
483,0.034,0.157
484,0.034,0.157
485,0.034,0.157
486,0.034,0.157
487,0.034,0.158
488,0.034,0.158
489,0.034,0.158
490,0.034,0.159
491,0.034,0.159
492,0.035,0.159
493,0.035,0.16
494,0.035,0.161
495,0.035,0.161
496,0.036,0.162
497,0.036,0.163
498,0.036,0.164
499,0.037,0.165
500,0.037,0.166
501,0.038,0.167
502,0.039,0.169
503,0.039,0.171
504,0.04,0.1719
505,0.041,0.1739
506,0.042,0.177
507,0.044,0.179
508,0.045,0.182
509,0.047,0.185
510,0.049,0.188
511,0.0509,0.192
512,0.054,0.196
513,0.057,0.2
514,0.059,0.2039
515,0.062,0.208
516,0.066,0.213
517,0.07,0.218
518,0.074,0.223
519,0.078,0.228
520,0.082,0.233
521,0.0869,0.239
522,0.092,0.244
523,0.096,0.249
524,0.1,0.254
525,0.105,0.259
526,0.109,0.263
527,0.113,0.268
528,0.117,0.272
529,0.12,0.275
530,0.123,0.279
531,0.126,0.2819
532,0.129,0.2849
533,0.131,0.287
534,0.134,0.289
535,0.135,0.291
536,0.137,0.293
537,0.138,0.294
538,0.139,0.296
539,0.14,0.297
540,0.1409,0.298
541,0.1419,0.299
542,0.1429,0.299
543,0.1429,0.3
544,0.144,0.301
545,0.145,0.302
546,0.146,0.302
547,0.146,0.303
548,0.147,0.304
549,0.147,0.304
550,0.148,0.304
551,0.148,0.305
552,0.148,0.305
553,0.148,0.305
554,0.147,0.304
555,0.146,0.303
556,0.145,0.302
557,0.144,0.301
558,0.1419,0.3
559,0.1409,0.298
560,0.138,0.296
561,0.136,0.294
562,0.134,0.292
563,0.132,0.289
564,0.129,0.287
565,0.126,0.2839
566,0.123,0.281
567,0.12,0.278
568,0.117,0.276
569,0.114,0.273
570,0.111,0.27
571,0.108,0.266
572,0.105,0.263
573,0.1019,0.26
574,0.099,0.257
575,0.097,0.254
576,0.094,0.251
577,0.092,0.249
578,0.09,0.246
579,0.088,0.244
580,0.0859,0.242
581,0.085,0.24
582,0.083,0.238
583,0.082,0.237
584,0.08,0.236
585,0.079,0.234
586,0.078,0.232
587,0.077,0.231
588,0.076,0.23
589,0.075,0.229
590,0.074,0.228
591,0.074,0.227
592,0.073,0.226
593,0.072,0.226
594,0.072,0.225
595,0.0709,0.224
596,0.0709,0.224
597,0.0709,0.223
598,0.07,0.223
599,0.07,0.222
600,0.069,0.222
601,0.069,0.221
602,0.068,0.22
603,0.068,0.22
604,0.067,0.219
605,0.066,0.218
606,0.065,0.217
607,0.064,0.215
608,0.063,0.214
609,0.062,0.213
610,0.061,0.211
611,0.06,0.209
612,0.059,0.208
613,0.058,0.206
614,0.057,0.205
615,0.056,0.2039
616,0.055,0.202
617,0.055,0.201
618,0.054,0.2
619,0.053,0.199
620,0.053,0.198
621,0.052,0.197
622,0.052,0.197
623,0.0509,0.196
624,0.0509,0.196
625,0.0509,0.195
626,0.0509,0.195
627,0.0509,0.195
628,0.05,0.195
629,0.05,0.194
630,0.05,0.194
631,0.05,0.194
632,0.05,0.194
633,0.05,0.193
634,0.049,0.193
635,0.049,0.192
636,0.048,0.191
637,0.047,0.19
638,0.047,0.189
639,0.046,0.187
640,0.045,0.185
641,0.044,0.184
642,0.0429,0.182
643,0.042,0.181
644,0.042,0.179
645,0.041,0.177
646,0.04,0.176
647,0.04,0.175
648,0.039,0.1739
649,0.039,0.1729
650,0.038,0.1719
651,0.038,0.171
652,0.038,0.171
653,0.038,0.17
654,0.038,0.169
655,0.037,0.169
656,0.037,0.168
657,0.037,0.167
658,0.037,0.166
659,0.036,0.165
660,0.036,0.164
661,0.036,0.163
662,0.036,0.162
663,0.036,0.161
664,0.036,0.16
665,0.036,0.16
666,0.036,0.159
667,0.036,0.159
668,0.036,0.158
669,0.037,0.158
670,0.037,0.158
671,0.037,0.158
672,0.038,0.158
673,0.039,0.158
674,0.039,0.159
675,0.04,0.159
676,0.041,0.16
677,0.042,0.16
678,0.0429,0.161
679,0.044,0.162
680,0.045,0.163
681,0.046,0.164
682,0.047,0.165
683,0.048,0.166
684,0.049,0.168
685,0.049,0.169
686,0.05,0.1719
687,0.0509,0.175
688,0.053,0.178
689,0.055,0.183
690,0.058,0.189
691,0.061,0.196
692,0.066,0.2039
693,0.072,0.213
694,0.08,0.223
695,0.088,0.235
696,0.098,0.247
697,0.109,0.26
698,0.122,0.274
699,0.135,0.289
700,0.15,0.303
701,0.165,0.318
702,0.181,0.333
703,0.197,0.3469
704,0.213,0.362
705,0.23,0.376
706,0.247,0.39
707,0.265,0.404
708,0.2829,0.418
709,0.301,0.431
710,0.319,0.445
711,0.338,0.458
712,0.358,0.471
713,0.377,0.485
714,0.397,0.497
715,0.417,0.51
716,0.438,0.522
717,0.459,0.535
718,0.479,0.547
719,0.5,0.558
720,0.521,0.5699
721,0.541,0.581
722,0.562,0.591
723,0.582,0.602
724,0.602,0.612
725,0.621,0.621
726,0.64,0.63
727,0.658,0.639
728,0.676,0.647
729,0.6929,0.655
730,0.709,0.663
731,0.724,0.67
732,0.739,0.676
733,0.753,0.682
734,0.766,0.6879
735,0.779,0.6939
736,0.791,0.699
737,0.801,0.703
738,0.812,0.708
739,0.821,0.712
740,0.83,0.716
741,0.838,0.719
742,0.845,0.723
743,0.852,0.726
744,0.858,0.728
745,0.864,0.731
746,0.869,0.733
747,0.873,0.735
748,0.877,0.737
749,0.881,0.739
750,0.884,0.74
751,0.886,0.742
752,0.889,0.743
753,0.891,0.744
754,0.893,0.745
755,0.895,0.746
756,0.897,0.747
757,0.898,0.748
758,0.899,0.749
759,0.9,0.749
760,0.901,0.75
761,0.902,0.751
762,0.902,0.751
763,0.903,0.752
764,0.903,0.753
765,0.904,0.753
766,0.904,0.754
767,0.904,0.754
768,0.904,0.755
769,0.905,0.755
770,0.905,0.756
771,0.905,0.756
772,0.905,0.757
773,0.905,0.757
774,0.905,0.758
775,0.905,0.758
776,0.905,0.758
777,0.906,0.759
778,0.906,0.759
779,0.906,0.76
780,0.906,0.76
781,0.906,0.761
782,0.906,0.761
783,0.906,0.762
784,0.907,0.762
785,0.907,0.763
786,0.907,0.763
787,0.907,0.764
788,0.907,0.764
789,0.907,0.765
790,0.908,0.765
791,0.908,0.766
792,0.908,0.766
793,0.908,0.767
794,0.908,0.767
795,0.908,0.768
796,0.908,0.768
797,0.909,0.769
798,0.909,0.769
799,0.909,0.77
800,0.909,0.77
801,0.909,0.771
802,0.91,0.771
803,0.91,0.772
804,0.91,0.772
805,0.91,0.773
806,0.91,0.773
807,0.91,0.774
808,0.911,0.774
809,0.911,0.775
810,0.911,0.776
811,0.911,0.776
812,0.912,0.776
813,0.912,0.777
814,0.912,0.777
815,0.912,0.778
816,0.912,0.778
817,0.912,0.778
818,0.912,0.778
819,0.912,0.779
820,0.913,0.78
821,0.913,0.78
822,0.913,0.78
823,0.913,0.781
824,0.913,0.781
825,0.913,0.782
826,0.913,0.782
827,0.914,0.782
828,0.914,0.782
829,0.914,0.783
830,0.914,0.783
831,0.914,0.783
832,0.914,0.784
833,0.914,0.784
834,0.914,0.784
835,0.915,0.785
836,0.915,0.785
837,0.915,0.785
838,0.915,0.786
839,0.915,0.786
840,0.916,0.786
841,0.916,0.787
842,0.916,0.787
843,0.916,0.787
844,0.916,0.788
845,0.916,0.788
846,0.917,0.788
847,0.917,0.789
848,0.917,0.789
849,0.917,0.789
850,0.917,0.789
851,0.917,0.79
852,0.917,0.79
853,0.918,0.79
854,0.918,0.791
855,0.918,0.791
856,0.918,0.791
857,0.918,0.791
858,0.919,0.792
859,0.919,0.792
860,0.919,0.792
861,0.919,0.792
862,0.919,0.793
863,0.919,0.793
864,0.919,0.793
865,0.919,0.793
866,0.919,0.794
867,0.919,0.794
868,0.92,0.794
869,0.92,0.794
870,0.92,0.795
871,0.92,0.795
872,0.92,0.795
873,0.92,0.795
874,0.92,0.795
875,0.92,0.796
876,0.921,0.796
877,0.921,0.796
878,0.921,0.796
879,0.921,0.796
880,0.921,0.797
881,0.921,0.797
882,0.921,0.797
883,0.921,0.797
884,0.921,0.798
885,0.921,0.798
886,0.922,0.798
887,0.922,0.798
888,0.922,0.799
889,0.922,0.799
890,0.922,0.799
891,0.922,0.799
892,0.922,0.799
893,0.923,0.8
894,0.923,0.8
895,0.923,0.8
896,0.923,0.8
897,0.923,0.8
898,0.923,0.801
899,0.923,0.801
900,0.923,0.801
901,0.923,0.801
902,0.924,0.801
903,0.924,0.802
904,0.924,0.802
905,0.924,0.802
906,0.924,0.802
907,0.924,0.803
908,0.925,0.803
909,0.925,0.803
910,0.925,0.803
911,0.925,0.803
912,0.925,0.804
913,0.925,0.804
914,0.925,0.804
915,0.925,0.804
916,0.925,0.804
917,0.925,0.805
918,0.926,0.805
919,0.926,0.805
920,0.926,0.805
921,0.926,0.805
922,0.926,0.805
923,0.926,0.806
924,0.926,0.806
925,0.926,0.805
926,0.926,0.806
927,0.926,0.806
928,0.926,0.806
929,0.925,0.806
930,0.925,0.806
931,0.925,0.805
932,0.925,0.805
933,0.925,0.805
934,0.924,0.805
935,0.925,0.805
936,0.924,0.805
937,0.924,0.805
938,0.924,0.805
939,0.924,0.805
940,0.923,0.805
941,0.923,0.804
942,0.923,0.804
943,0.922,0.804
944,0.922,0.804
945,0.922,0.803
946,0.921,0.803
947,0.92,0.802
948,0.92,0.802
949,0.919,0.802
950,0.919,0.801
951,0.918,0.8
952,0.917,0.8
953,0.916,0.799
954,0.916,0.799
955,0.915,0.798
956,0.914,0.798
957,0.914,0.797
958,0.913,0.797
959,0.912,0.797
960,0.912,0.796
961,0.912,0.796
962,0.912,0.796
963,0.911,0.796
964,0.911,0.796
965,0.911,0.797
966,0.911,0.797
967,0.911,0.797
968,0.911,0.797
969,0.911,0.797
970,0.911,0.797
971,0.911,0.797
972,0.912,0.798
973,0.912,0.798
974,0.912,0.798
975,0.912,0.799
976,0.912,0.799
977,0.913,0.799
978,0.913,0.8
979,0.913,0.8
980,0.914,0.801
981,0.914,0.801
982,0.914,0.801
983,0.915,0.802
984,0.915,0.802
985,0.916,0.803
986,0.916,0.803
987,0.917,0.804
988,0.917,0.805
989,0.918,0.805
990,0.919,0.806
991,0.919,0.806
992,0.919,0.807
993,0.92,0.807
994,0.921,0.808
995,0.921,0.809
996,0.921,0.809
997,0.922,0.81
998,0.923,0.811
999,0.924,0.811
1000,0.924,0.812
1001,0.901,0.783
1002,0.901,0.783
1003,0.901,0.783
1004,0.902,0.784
1005,0.902,0.784
1006,0.902,0.784
1007,0.902,0.785
1008,0.903,0.785
1009,0.903,0.785
1010,0.904,0.786
1011,0.904,0.786
1012,0.904,0.787
1013,0.905,0.787
1014,0.905,0.787
1015,0.906,0.788
1016,0.906,0.788
1017,0.907,0.789
1018,0.907,0.789
1019,0.908,0.79
1020,0.908,0.79
1021,0.908,0.79
1022,0.909,0.791
1023,0.909,0.791
1024,0.91,0.792
1025,0.91,0.792
1026,0.911,0.793
1027,0.911,0.793
1028,0.912,0.794
1029,0.912,0.794
1030,0.912,0.794
1031,0.913,0.795
1032,0.913,0.795
1033,0.913,0.796
1034,0.914,0.796
1035,0.914,0.796
1036,0.914,0.797
1037,0.915,0.797
1038,0.915,0.797
1039,0.915,0.798
1040,0.915,0.798
1041,0.915,0.798
1042,0.915,0.799
1043,0.916,0.799
1044,0.916,0.799
1045,0.916,0.799
1046,0.916,0.8
1047,0.917,0.8
1048,0.917,0.8
1049,0.917,0.801
1050,0.917,0.801
1051,0.918,0.801
1052,0.918,0.801
1053,0.918,0.802
1054,0.919,0.802
1055,0.919,0.802
1056,0.919,0.803
1057,0.919,0.803
1058,0.919,0.803
1059,0.919,0.803
1060,0.919,0.803
1061,0.92,0.803
1062,0.92,0.803
1063,0.92,0.804
1064,0.92,0.804
1065,0.92,0.804
1066,0.92,0.804
1067,0.921,0.804
1068,0.921,0.804
1069,0.921,0.804
1070,0.921,0.805
1071,0.921,0.805
1072,0.921,0.805
1073,0.921,0.805
1074,0.921,0.805
1075,0.922,0.805
1076,0.922,0.805
1077,0.922,0.805
1078,0.922,0.805
1079,0.922,0.805
1080,0.921,0.805
1081,0.921,0.805
1082,0.921,0.805
1083,0.921,0.805
1084,0.921,0.805
1085,0.921,0.805
1086,0.921,0.804
1087,0.921,0.804
1088,0.921,0.804
1089,0.921,0.804
1090,0.92,0.804
1091,0.92,0.804
1092,0.92,0.804
1093,0.92,0.803
1094,0.919,0.803
1095,0.919,0.803
1096,0.919,0.803
1097,0.919,0.803
1098,0.919,0.803
1099,0.919,0.803
1100,0.919,0.803
1101,0.919,0.803
1102,0.918,0.803
1103,0.918,0.802
1104,0.918,0.802
1105,0.918,0.802
1106,0.918,0.802
1107,0.917,0.802
1108,0.917,0.802
1109,0.917,0.802
1110,0.917,0.801
1111,0.916,0.801
1112,0.916,0.801
1113,0.916,0.801
1114,0.915,0.8
1115,0.915,0.8
1116,0.915,0.8
1117,0.914,0.8
1118,0.914,0.799
1119,0.914,0.799
1120,0.913,0.799
1121,0.913,0.798
1122,0.912,0.798
1123,0.912,0.798
1124,0.911,0.797
1125,0.91,0.796
1126,0.91,0.796
1127,0.909,0.795
1128,0.908,0.795
1129,0.907,0.794
1130,0.906,0.793
1131,0.905,0.792
1132,0.904,0.791
1133,0.903,0.79
1134,0.901,0.789
1135,0.899,0.787
1136,0.898,0.786
1137,0.896,0.784
1138,0.894,0.782
1139,0.892,0.78
1140,0.89,0.779
1141,0.888,0.777
1142,0.886,0.775
1143,0.883,0.773
1144,0.881,0.771
1145,0.879,0.769
1146,0.876,0.767
1147,0.874,0.765
1148,0.872,0.763
1149,0.87,0.761
1150,0.868,0.76
1151,0.866,0.758
1152,0.865,0.757
1153,0.863,0.756
1154,0.862,0.755
1155,0.86,0.754
1156,0.859,0.753
1157,0.858,0.752
1158,0.857,0.751
1159,0.856,0.751
1160,0.855,0.75
1161,0.855,0.75
1162,0.854,0.749
1163,0.853,0.749
1164,0.853,0.749
1165,0.852,0.748
1166,0.852,0.748
1167,0.851,0.748
1168,0.851,0.748
1169,0.851,0.747
1170,0.85,0.747
1171,0.85,0.747
1172,0.85,0.747
1173,0.849,0.747
1174,0.849,0.747
1175,0.849,0.747
1176,0.849,0.746
1177,0.848,0.746
1178,0.848,0.746
1179,0.848,0.746
1180,0.847,0.745
1181,0.847,0.745
1182,0.846,0.745
1183,0.846,0.745
1184,0.846,0.745
1185,0.845,0.744
1186,0.845,0.744
1187,0.844,0.744
1188,0.844,0.744
1189,0.844,0.744
1190,0.844,0.743
1191,0.843,0.743
1192,0.843,0.743
1193,0.843,0.743
1194,0.843,0.743
1195,0.843,0.743
1196,0.843,0.743
1197,0.843,0.743
1198,0.843,0.743
1199,0.843,0.743
1200,0.843,0.743
1201,0.843,0.744
1202,0.843,0.744
1203,0.843,0.744
1204,0.843,0.744
1205,0.843,0.744
1206,0.843,0.744
1207,0.843,0.745
1208,0.844,0.745
1209,0.844,0.745
1210,0.844,0.745
1211,0.844,0.745
1212,0.844,0.746
1213,0.845,0.746
1214,0.845,0.746
1215,0.845,0.747
1216,0.846,0.747
1217,0.846,0.747
1218,0.846,0.747
1219,0.847,0.748
1220,0.847,0.748
1221,0.847,0.749
1222,0.848,0.749
1223,0.848,0.749
1224,0.848,0.75
1225,0.849,0.75
1226,0.849,0.75
1227,0.849,0.751
1228,0.85,0.751
1229,0.85,0.751
1230,0.85,0.751
1231,0.851,0.752
1232,0.851,0.752
1233,0.851,0.752
1234,0.852,0.753
1235,0.852,0.753
1236,0.852,0.753
1237,0.853,0.754
1238,0.853,0.754
1239,0.854,0.754
1240,0.854,0.755
1241,0.854,0.755
1242,0.855,0.755
1243,0.855,0.756
1244,0.855,0.756
1245,0.856,0.756
1246,0.856,0.756
1247,0.856,0.757
1248,0.856,0.757
1249,0.857,0.757
1250,0.857,0.757
1251,0.857,0.758
1252,0.857,0.758
1253,0.858,0.758
1254,0.858,0.758
1255,0.858,0.758
1256,0.858,0.758
1257,0.859,0.759
1258,0.859,0.759
1259,0.859,0.759
1260,0.859,0.759
1261,0.859,0.759
1262,0.859,0.759
1263,0.859,0.759
1264,0.859,0.759
1265,0.859,0.759
1266,0.859,0.76
1267,0.859,0.76
1268,0.859,0.76
1269,0.859,0.76
1270,0.859,0.76
1271,0.859,0.759
1272,0.859,0.759
1273,0.859,0.759
1274,0.859,0.759
1275,0.859,0.759
1276,0.859,0.759
1277,0.858,0.759
1278,0.858,0.759
1279,0.858,0.759
1280,0.858,0.758
1281,0.858,0.758
1282,0.857,0.758
1283,0.857,0.758
1284,0.857,0.757
1285,0.857,0.757
1286,0.856,0.757
1287,0.856,0.756
1288,0.856,0.756
1289,0.855,0.755
1290,0.855,0.755
1291,0.854,0.754
1292,0.854,0.754
1293,0.853,0.753
1294,0.852,0.753
1295,0.852,0.752
1296,0.851,0.752
1297,0.85,0.751
1298,0.85,0.75
1299,0.849,0.749
1300,0.848,0.749
1301,0.847,0.748
1302,0.846,0.747
1303,0.845,0.746
1304,0.844,0.745
1305,0.843,0.744
1306,0.842,0.743
1307,0.841,0.742
1308,0.84,0.741
1309,0.839,0.74
1310,0.837,0.739
1311,0.836,0.738
1312,0.834,0.736
1313,0.833,0.735
1314,0.831,0.734
1315,0.83,0.732
1316,0.828,0.731
1317,0.826,0.729
1318,0.825,0.728
1319,0.823,0.726
1320,0.821,0.725
1321,0.8189,0.723
1322,0.8169,0.722
1323,0.8149,0.72
1324,0.8129,0.718
1325,0.811,0.716
1326,0.808,0.714
1327,0.806,0.713
1328,0.804,0.711
1329,0.802,0.709
1330,0.799,0.707
1331,0.797,0.705
1332,0.794,0.703
1333,0.792,0.701
1334,0.789,0.699
1335,0.787,0.6959
1336,0.784,0.6939
1337,0.782,0.6919
1338,0.78,0.6899
1339,0.777,0.6879
1340,0.775,0.686
1341,0.772,0.684
1342,0.77,0.682
1343,0.767,0.681
1344,0.765,0.679
1345,0.763,0.677
1346,0.76,0.675
1347,0.758,0.673
1348,0.755,0.671
1349,0.753,0.669
1350,0.751,0.667
1351,0.748,0.665
1352,0.746,0.663
1353,0.744,0.661
1354,0.741,0.66
1355,0.739,0.658
1356,0.737,0.656
1357,0.734,0.654
1358,0.732,0.652
1359,0.73,0.65
1360,0.727,0.648
1361,0.725,0.646
1362,0.723,0.644
1363,0.72,0.642
1364,0.718,0.64
1365,0.715,0.638
1366,0.713,0.636
1367,0.71,0.634
1368,0.707,0.631
1369,0.704,0.629
1370,0.701,0.626
1371,0.6969,0.623
1372,0.6929,0.62
1373,0.6889,0.616
1374,0.684,0.612
1375,0.679,0.608
1376,0.673,0.603
1377,0.667,0.598
1378,0.66,0.593
1379,0.653,0.587
1380,0.645,0.581
1381,0.637,0.574
1382,0.628,0.5669
1383,0.619,0.56
1384,0.61,0.552
1385,0.6,0.544
1386,0.589,0.536
1387,0.579,0.528
1388,0.5679,0.519
1389,0.557,0.511
1390,0.545,0.502
1391,0.533,0.493
1392,0.521,0.483
1393,0.509,0.474
1394,0.497,0.465
1395,0.485,0.456
1396,0.473,0.447
1397,0.461,0.438
1398,0.45,0.43
1399,0.439,0.422
1400,0.428,0.414
1401,0.418,0.406
1402,0.4079,0.399
1403,0.398,0.392
1404,0.389,0.385
1405,0.38,0.379
1406,0.371,0.373
1407,0.364,0.367
1408,0.356,0.362
1409,0.3489,0.357
1410,0.342,0.352
1411,0.336,0.3479
1412,0.33,0.3439
1413,0.325,0.34
1414,0.319,0.336
1415,0.315,0.333
1416,0.31,0.33
1417,0.306,0.327
1418,0.302,0.324
1419,0.298,0.322
1420,0.294,0.319
1421,0.291,0.317
1422,0.288,0.315
1423,0.2849,0.313
1424,0.2819,0.311
1425,0.28,0.31
1426,0.277,0.308
1427,0.275,0.307
1428,0.273,0.305
1429,0.271,0.304
1430,0.269,0.303
1431,0.267,0.302
1432,0.266,0.301
1433,0.264,0.3
1434,0.263,0.299
1435,0.262,0.299
1436,0.26,0.298
1437,0.259,0.298
1438,0.258,0.297
1439,0.258,0.297
1440,0.257,0.296
1441,0.256,0.296
1442,0.256,0.295
1443,0.255,0.295
1444,0.255,0.295
1445,0.254,0.295
1446,0.254,0.295
1447,0.253,0.295
1448,0.253,0.295
1449,0.253,0.295
1450,0.253,0.295
1451,0.253,0.295
1452,0.253,0.295
1453,0.253,0.295
1454,0.253,0.295
1455,0.253,0.295
1456,0.253,0.296
1457,0.253,0.296
1458,0.254,0.296
1459,0.254,0.297
1460,0.254,0.297
1461,0.255,0.298
1462,0.256,0.298
1463,0.257,0.299
1464,0.257,0.3
1465,0.258,0.3
1466,0.259,0.301
1467,0.261,0.302
1468,0.262,0.303
1469,0.263,0.304
1470,0.265,0.306
1471,0.266,0.307
1472,0.268,0.308
1473,0.27,0.31
1474,0.271,0.311
1475,0.273,0.312
1476,0.275,0.314
1477,0.277,0.315
1478,0.279,0.317
1479,0.281,0.319
1480,0.2829,0.32
1481,0.2859,0.322
1482,0.288,0.324
1483,0.29,0.326
1484,0.292,0.327
1485,0.295,0.329
1486,0.297,0.331
1487,0.299,0.333
1488,0.302,0.335
1489,0.304,0.337
1490,0.307,0.339
1491,0.309,0.34
1492,0.312,0.342
1493,0.314,0.3439
1494,0.317,0.3459
1495,0.319,0.3479
1496,0.322,0.35
1497,0.325,0.352
1498,0.327,0.354
1499,0.33,0.356
1500,0.333,0.358
1501,0.335,0.36
1502,0.338,0.363
1503,0.341,0.365
1504,0.343,0.367
1505,0.3459,0.369
1506,0.3489,0.371
1507,0.352,0.373
1508,0.354,0.375
1509,0.357,0.377
1510,0.36,0.379
1511,0.362,0.381
1512,0.365,0.383
1513,0.368,0.385
1514,0.37,0.387
1515,0.373,0.389
1516,0.376,0.392
1517,0.378,0.394
1518,0.381,0.396
1519,0.384,0.398
1520,0.387,0.4
1521,0.389,0.402
1522,0.392,0.404
1523,0.395,0.406
1524,0.397,0.4079
1525,0.4,0.41
1526,0.402,0.412
1527,0.405,0.414
1528,0.4079,0.416
1529,0.41,0.418
1530,0.413,0.42
1531,0.415,0.422
1532,0.418,0.424
1533,0.42,0.426
1534,0.423,0.428
1535,0.425,0.43
1536,0.428,0.432
1537,0.43,0.433
1538,0.432,0.435
1539,0.435,0.437
1540,0.437,0.439
1541,0.44,0.441
1542,0.442,0.443
1543,0.444,0.445
1544,0.447,0.447
1545,0.449,0.448
1546,0.451,0.45
1547,0.454,0.452
1548,0.456,0.454
1549,0.458,0.456
1550,0.46,0.457
1551,0.463,0.459
1552,0.465,0.461
1553,0.467,0.462
1554,0.469,0.464
1555,0.471,0.466
1556,0.473,0.468
1557,0.475,0.469
1558,0.477,0.471
1559,0.479,0.472
1560,0.481,0.474
1561,0.483,0.475
1562,0.485,0.477
1563,0.487,0.478
1564,0.489,0.48
1565,0.491,0.481
1566,0.493,0.483
1567,0.495,0.484
1568,0.497,0.486
1569,0.499,0.487
1570,0.5,0.489
1571,0.502,0.49
1572,0.504,0.492
1573,0.506,0.493
1574,0.508,0.494
1575,0.509,0.496
1576,0.511,0.497
1577,0.513,0.498
1578,0.514,0.5
1579,0.516,0.501
1580,0.518,0.502
1581,0.519,0.504
1582,0.521,0.505
1583,0.523,0.506
1584,0.524,0.507
1585,0.526,0.509
1586,0.527,0.51
1587,0.529,0.511
1588,0.53,0.512
1589,0.532,0.514
1590,0.533,0.515
1591,0.535,0.516
1592,0.536,0.517
1593,0.538,0.518
1594,0.539,0.519
1595,0.541,0.52
1596,0.542,0.521
1597,0.544,0.522
1598,0.545,0.524
1599,0.546,0.525
1600,0.547,0.526
1601,0.549,0.527
1602,0.55,0.528
1603,0.551,0.529
1604,0.553,0.53
1605,0.554,0.531
1606,0.555,0.532
1607,0.557,0.533
1608,0.558,0.533
1609,0.559,0.534
1610,0.56,0.535
1611,0.561,0.536
1612,0.562,0.537
1613,0.5639,0.538
1614,0.5649,0.539
1615,0.5659,0.54
1616,0.5669,0.54
1617,0.5679,0.541
1618,0.5689,0.542
1619,0.5699,0.543
1620,0.5709,0.544
1621,0.5719,0.544
1622,0.5729,0.545
1623,0.574,0.546
1624,0.575,0.546
1625,0.576,0.547
1626,0.577,0.548
1627,0.578,0.548
1628,0.579,0.549
1629,0.579,0.55
1630,0.58,0.55
1631,0.581,0.551
1632,0.582,0.552
1633,0.583,0.552
1634,0.583,0.553
1635,0.584,0.553
1636,0.585,0.554
1637,0.586,0.555
1638,0.586,0.555
1639,0.587,0.556
1640,0.588,0.556
1641,0.588,0.556
1642,0.589,0.557
1643,0.589,0.557
1644,0.59,0.558
1645,0.59,0.558
1646,0.591,0.559
1647,0.591,0.559
1648,0.592,0.559
1649,0.592,0.56
1650,0.592,0.56
1651,0.593,0.56
1652,0.593,0.561
1653,0.593,0.561
1654,0.593,0.561
1655,0.594,0.562
1656,0.594,0.562
1657,0.594,0.562
1658,0.594,0.562
1659,0.595,0.562
1660,0.595,0.562
1661,0.595,0.562
1662,0.595,0.562
1663,0.595,0.562
1664,0.595,0.5629
1665,0.595,0.5629
1666,0.595,0.5629
1667,0.595,0.5629
1668,0.595,0.5629
1669,0.596,0.5629
1670,0.596,0.5629
1671,0.596,0.5629
1672,0.596,0.5629
1673,0.596,0.5629
1674,0.596,0.5629
1675,0.595,0.5629
1676,0.595,0.5629
1677,0.595,0.5629
1678,0.595,0.562
1679,0.595,0.562
1680,0.595,0.562
1681,0.594,0.562
1682,0.594,0.562
1683,0.594,0.562
1684,0.594,0.561
1685,0.593,0.561
1686,0.593,0.561
1687,0.593,0.561
1688,0.592,0.56
1689,0.592,0.56
1690,0.592,0.559
1691,0.591,0.559
1692,0.591,0.559
1693,0.59,0.558
1694,0.59,0.558
1695,0.589,0.557
1696,0.589,0.557
1697,0.588,0.556
1698,0.587,0.556
1699,0.587,0.556
1700,0.586,0.555
1701,0.586,0.555
1702,0.585,0.554
1703,0.585,0.554
1704,0.584,0.553
1705,0.583,0.553
1706,0.583,0.552
1707,0.582,0.551
1708,0.581,0.551
1709,0.581,0.55
1710,0.58,0.55
1711,0.579,0.549
1712,0.579,0.548
1713,0.578,0.548
1714,0.577,0.547
1715,0.576,0.546
1716,0.575,0.546
1717,0.575,0.545
1718,0.574,0.544
1719,0.5729,0.543
1720,0.5719,0.543
1721,0.5709,0.542
1722,0.5699,0.541
1723,0.5699,0.541
1724,0.5689,0.54
1725,0.5679,0.539
1726,0.5669,0.538
1727,0.5659,0.537
1728,0.5649,0.536
1729,0.5639,0.536
1730,0.5629,0.535
1731,0.562,0.534
1732,0.561,0.534
1733,0.56,0.533
1734,0.559,0.532
1735,0.558,0.531
1736,0.557,0.531
1737,0.556,0.53
1738,0.555,0.529
1739,0.554,0.528
1740,0.553,0.527
1741,0.552,0.527
1742,0.551,0.526
1743,0.55,0.525
1744,0.549,0.524
1745,0.548,0.523
1746,0.546,0.522
1747,0.545,0.52
1748,0.544,0.519
1749,0.543,0.518
1750,0.541,0.517
1751,0.54,0.516
1752,0.539,0.515
1753,0.537,0.514
1754,0.536,0.513
1755,0.535,0.511
1756,0.533,0.51
1757,0.532,0.509
1758,0.531,0.508
1759,0.529,0.507
1760,0.528,0.505
1761,0.527,0.504
1762,0.526,0.503
1763,0.524,0.502
1764,0.523,0.501
1765,0.522,0.5
1766,0.521,0.499
1767,0.52,0.499
1768,0.519,0.498
1769,0.518,0.497
1770,0.517,0.496
1771,0.517,0.495
1772,0.516,0.495
1773,0.515,0.494
1774,0.514,0.493
1775,0.514,0.493
1776,0.513,0.492
1777,0.513,0.492
1778,0.512,0.491
1779,0.511,0.49
1780,0.511,0.49
1781,0.511,0.489
1782,0.51,0.489
1783,0.51,0.489
1784,0.51,0.488
1785,0.509,0.488
1786,0.509,0.488
1787,0.509,0.488
1788,0.509,0.487
1789,0.509,0.487
1790,0.509,0.487
1791,0.509,0.487
1792,0.509,0.487
1793,0.508,0.487
1794,0.509,0.487
1795,0.509,0.486
1796,0.509,0.486
1797,0.509,0.486
1798,0.509,0.486
1799,0.509,0.486
1800,0.509,0.486
1801,0.481,0.463
1802,0.482,0.464
1803,0.484,0.465
1804,0.485,0.467
1805,0.486,0.468
1806,0.488,0.469
1807,0.489,0.471
1808,0.49,0.472
1809,0.492,0.473
1810,0.493,0.474
1811,0.493,0.474
1812,0.494,0.475
1813,0.495,0.475
1814,0.495,0.475
1815,0.495,0.475
1816,0.495,0.476
1817,0.496,0.476
1818,0.496,0.476
1819,0.496,0.476
1820,0.496,0.476
1821,0.496,0.476
1822,0.496,0.476
1823,0.496,0.476
1824,0.496,0.476
1825,0.496,0.476
1826,0.496,0.476
1827,0.496,0.476
1828,0.496,0.476
1829,0.496,0.475
1830,0.495,0.475
1831,0.495,0.475
1832,0.495,0.474
1833,0.494,0.474
1834,0.493,0.473
1835,0.493,0.472
1836,0.492,0.472
1837,0.491,0.471
1838,0.491,0.47
1839,0.49,0.469
1840,0.489,0.469
1841,0.488,0.468
1842,0.486,0.467
1843,0.485,0.466
1844,0.484,0.464
1845,0.482,0.463
1846,0.48,0.462
1847,0.478,0.46
1848,0.476,0.459
1849,0.474,0.457
1850,0.472,0.455
1851,0.469,0.452
1852,0.466,0.45
1853,0.463,0.447
1854,0.459,0.445
1855,0.455,0.441
1856,0.451,0.438
1857,0.447,0.435
1858,0.442,0.431
1859,0.437,0.427
1860,0.432,0.423
1861,0.426,0.419
1862,0.42,0.414
1863,0.414,0.4089
1864,0.4069,0.403
1865,0.4,0.398
1866,0.392,0.392
1867,0.384,0.385
1868,0.376,0.379
1869,0.367,0.372
1870,0.358,0.365
1871,0.3479,0.357
1872,0.338,0.35
1873,0.328,0.342
1874,0.318,0.335
1875,0.307,0.327
1876,0.297,0.319
1877,0.2859,0.311
1878,0.275,0.303
1879,0.265,0.295
1880,0.253,0.287
1881,0.243,0.28
1882,0.231,0.272
1883,0.221,0.264
1884,0.21,0.256
1885,0.199,0.249
1886,0.189,0.241
1887,0.178,0.234
1888,0.169,0.228
1889,0.159,0.221
1890,0.15,0.215
1891,0.1419,0.209
1892,0.133,0.203
1893,0.126,0.198
1894,0.119,0.194
1895,0.112,0.189
1896,0.106,0.185
1897,0.1,0.181
1898,0.095,0.178
1899,0.091,0.175
1900,0.0859,0.1719
1901,0.082,0.169
1902,0.079,0.167
1903,0.076,0.165
1904,0.073,0.163
1905,0.07,0.161
1906,0.068,0.16
1907,0.066,0.158
1908,0.064,0.157
1909,0.062,0.156
1910,0.061,0.155
1911,0.06,0.154
1912,0.058,0.154
1913,0.057,0.153
1914,0.056,0.152
1915,0.055,0.152
1916,0.055,0.151
1917,0.054,0.151
1918,0.053,0.15
1919,0.053,0.15
1920,0.052,0.15
1921,0.052,0.149
1922,0.0509,0.149
1923,0.0509,0.149
1924,0.0509,0.149
1925,0.05,0.149
1926,0.05,0.148
1927,0.05,0.148
1928,0.05,0.148
1929,0.05,0.148
1930,0.05,0.148
1931,0.05,0.148
1932,0.05,0.149
1933,0.05,0.149
1934,0.05,0.149
1935,0.05,0.149
1936,0.05,0.149
1937,0.05,0.149
1938,0.0509,0.149
1939,0.0509,0.149
1940,0.0509,0.15
1941,0.052,0.15
1942,0.052,0.15
1943,0.052,0.151
1944,0.053,0.151
1945,0.053,0.151
1946,0.054,0.152
1947,0.054,0.152
1948,0.055,0.152
1949,0.055,0.153
1950,0.056,0.153
1951,0.056,0.154
1952,0.057,0.154
1953,0.057,0.154
1954,0.058,0.155
1955,0.059,0.155
1956,0.059,0.156
1957,0.06,0.156
1958,0.061,0.157
1959,0.061,0.158
1960,0.062,0.158
1961,0.063,0.159
1962,0.064,0.16
1963,0.065,0.16
1964,0.065,0.161
1965,0.066,0.162
1966,0.067,0.163
1967,0.068,0.163
1968,0.069,0.164
1969,0.07,0.165
1970,0.0709,0.165
1971,0.072,0.166
1972,0.073,0.167
1973,0.074,0.167
1974,0.075,0.168
1975,0.076,0.169
1976,0.077,0.17
1977,0.078,0.17
1978,0.079,0.171
1979,0.08,0.1719
1980,0.081,0.1729
1981,0.082,0.1739
1982,0.083,0.1739
1983,0.084,0.175
1984,0.085,0.176
1985,0.0869,0.177
1986,0.088,0.178
1987,0.089,0.179
1988,0.09,0.18
1989,0.091,0.181
1990,0.092,0.182
1991,0.094,0.182
1992,0.095,0.183
1993,0.096,0.184
1994,0.097,0.185
1995,0.099,0.186
1996,0.1,0.187
1997,0.101,0.188
1998,0.103,0.189
1999,0.104,0.19
2000,0.105,0.191
2001,0.106,0.192
2002,0.108,0.193
2003,0.109,0.194
2004,0.11,0.195
2005,0.112,0.196
2006,0.113,0.197
2007,0.114,0.198
2008,0.116,0.199
2009,0.117,0.2
2010,0.118,0.201
2011,0.12,0.202
2012,0.121,0.203
2013,0.122,0.2039
2014,0.124,0.205
2015,0.125,0.206
2016,0.126,0.207
2017,0.127,0.208
2018,0.129,0.209
2019,0.13,0.21
2020,0.131,0.211
2021,0.133,0.212
2022,0.134,0.213
2023,0.135,0.214
2024,0.136,0.215
2025,0.138,0.216
2026,0.139,0.217
2027,0.14,0.218
2028,0.1419,0.219
2029,0.1429,0.22
2030,0.144,0.221
2031,0.145,0.222
2032,0.147,0.223
2033,0.148,0.224
2034,0.149,0.225
2035,0.15,0.226
2036,0.151,0.226
2037,0.153,0.227
2038,0.154,0.228
2039,0.155,0.229
2040,0.156,0.23
2041,0.157,0.231
2042,0.158,0.232
2043,0.16,0.233
2044,0.161,0.234
2045,0.162,0.235
2046,0.163,0.236
2047,0.164,0.237
2048,0.165,0.237
2049,0.166,0.238
2050,0.168,0.239
2051,0.169,0.24
2052,0.17,0.241
2053,0.171,0.242
2054,0.1719,0.243
2055,0.1739,0.244
2056,0.175,0.245
2057,0.176,0.246
2058,0.177,0.247
2059,0.178,0.248
2060,0.18,0.249
2061,0.181,0.25
2062,0.182,0.251
2063,0.184,0.252
2064,0.185,0.253
2065,0.186,0.254
2066,0.187,0.255
2067,0.189,0.256
2068,0.19,0.257
2069,0.191,0.258
2070,0.193,0.259
2071,0.194,0.26
2072,0.195,0.261
2073,0.196,0.262
2074,0.198,0.263
2075,0.199,0.264
2076,0.2,0.265
2077,0.201,0.266
2078,0.203,0.267
2079,0.2039,0.268
2080,0.205,0.269
2081,0.207,0.27
2082,0.208,0.271
2083,0.209,0.272
2084,0.21,0.273
2085,0.212,0.274
2086,0.213,0.275
2087,0.214,0.276
2088,0.215,0.277
2089,0.216,0.278
2090,0.218,0.279
2091,0.219,0.28
2092,0.22,0.281
2093,0.221,0.2819
2094,0.223,0.2829
2095,0.224,0.2839
2096,0.225,0.2849
2097,0.226,0.2859
2098,0.228,0.287
2099,0.229,0.288
2100,0.23,0.289
2101,0.231,0.29
2102,0.232,0.291
2103,0.234,0.292
2104,0.235,0.293
2105,0.236,0.293
2106,0.237,0.294
2107,0.238,0.295
2108,0.24,0.296
2109,0.241,0.297
2110,0.242,0.298
2111,0.243,0.299
2112,0.244,0.3
2113,0.245,0.301
2114,0.246,0.302
2115,0.248,0.303
2116,0.249,0.304
2117,0.25,0.305
2118,0.251,0.305
2119,0.252,0.306
2120,0.253,0.307
2121,0.254,0.308
2122,0.255,0.309
2123,0.256,0.31
2124,0.257,0.311
2125,0.258,0.311
2126,0.259,0.312
2127,0.26,0.313
2128,0.261,0.314
2129,0.262,0.314
2130,0.263,0.315
2131,0.264,0.316
2132,0.265,0.316
2133,0.266,0.317
2134,0.267,0.318
2135,0.268,0.319
2136,0.269,0.319
2137,0.269,0.32
2138,0.27,0.321
2139,0.271,0.321
2140,0.272,0.322
2141,0.273,0.322
2142,0.274,0.323
2143,0.275,0.324
2144,0.275,0.324
2145,0.276,0.325
2146,0.277,0.325
2147,0.278,0.326
2148,0.279,0.327
2149,0.279,0.327
2150,0.28,0.328
2151,0.281,0.328
2152,0.2819,0.329
2153,0.2829,0.329
2154,0.2829,0.33
2155,0.2839,0.33
2156,0.2849,0.331
2157,0.2849,0.331
2158,0.2859,0.332
2159,0.287,0.332
2160,0.288,0.333
2161,0.288,0.333
2162,0.289,0.334
2163,0.29,0.334
2164,0.291,0.335
2165,0.291,0.335
2166,0.292,0.336
2167,0.293,0.336
2168,0.294,0.337
2169,0.295,0.337
2170,0.295,0.338
2171,0.296,0.338
2172,0.297,0.339
2173,0.298,0.339
2174,0.298,0.34
2175,0.299,0.34
2176,0.3,0.341
2177,0.301,0.341
2178,0.301,0.342
2179,0.302,0.342
2180,0.303,0.342
2181,0.303,0.343
2182,0.304,0.343
2183,0.304,0.3439
2184,0.305,0.3439
2185,0.306,0.3439
2186,0.307,0.3449
2187,0.307,0.3449
2188,0.308,0.3449
2189,0.308,0.3459
2190,0.309,0.3459
2191,0.31,0.3469
2192,0.31,0.3469
2193,0.311,0.3469
2194,0.312,0.3479
2195,0.312,0.3479
2196,0.313,0.3479
2197,0.314,0.3489
2198,0.314,0.3489
2199,0.315,0.3489
2200,0.315,0.35
2201,0.316,0.35
2202,0.316,0.35
2203,0.317,0.35
2204,0.317,0.351
2205,0.318,0.351
2206,0.318,0.351
2207,0.318,0.351
2208,0.319,0.351
2209,0.319,0.352
2210,0.319,0.352
2211,0.32,0.352
2212,0.32,0.352
2213,0.32,0.352
2214,0.32,0.352
2215,0.32,0.352
2216,0.32,0.352
2217,0.321,0.352
2218,0.321,0.352
2219,0.321,0.352
2220,0.321,0.352
2221,0.321,0.352
2222,0.321,0.352
2223,0.321,0.352
2224,0.321,0.352
2225,0.321,0.352
2226,0.32,0.351
2227,0.32,0.351
2228,0.32,0.351
2229,0.32,0.351
2230,0.319,0.351
2231,0.319,0.35
2232,0.319,0.35
2233,0.318,0.35
2234,0.318,0.3489
2235,0.317,0.3489
2236,0.316,0.3479
2237,0.316,0.3479
2238,0.315,0.3469
2239,0.314,0.3469
2240,0.314,0.3459
2241,0.313,0.3459
2242,0.312,0.3449
2243,0.311,0.3449
2244,0.31,0.3439
2245,0.31,0.343
2246,0.309,0.343
2247,0.308,0.342
2248,0.307,0.341
2249,0.306,0.341
2250,0.305,0.34
2251,0.304,0.339
2252,0.303,0.338
2253,0.302,0.338
2254,0.301,0.337
2255,0.299,0.336
2256,0.298,0.335
2257,0.297,0.335
2258,0.296,0.334
2259,0.295,0.333
2260,0.293,0.332
2261,0.292,0.331
2262,0.291,0.33
2263,0.29,0.329
2264,0.289,0.328
2265,0.287,0.328
2266,0.2859,0.327
2267,0.2849,0.326
2268,0.2839,0.325
2269,0.2829,0.324
2270,0.2819,0.323
2271,0.281,0.322
2272,0.28,0.321
2273,0.278,0.321
2274,0.277,0.32
2275,0.276,0.319
2276,0.275,0.318
2277,0.275,0.318
2278,0.274,0.317
2279,0.273,0.316
2280,0.272,0.316
2281,0.271,0.315
2282,0.27,0.314
2283,0.269,0.313
2284,0.269,0.313
2285,0.268,0.312
2286,0.267,0.311
2287,0.266,0.31
2288,0.265,0.31
2289,0.264,0.309
2290,0.263,0.308
2291,0.262,0.307
2292,0.261,0.307
2293,0.26,0.306
2294,0.259,0.305
2295,0.258,0.304
2296,0.257,0.303
2297,0.255,0.302
2298,0.254,0.301
2299,0.253,0.3
2300,0.251,0.299
2301,0.25,0.298
2302,0.249,0.297
2303,0.247,0.296
2304,0.246,0.295
2305,0.245,0.294
2306,0.244,0.293
2307,0.243,0.292
2308,0.241,0.291
2309,0.24,0.29
2310,0.239,0.289
2311,0.238,0.288
2312,0.237,0.287
2313,0.236,0.287
2314,0.235,0.2859
2315,0.234,0.2849
2316,0.233,0.2849
2317,0.233,0.2839
2318,0.232,0.2829
2319,0.231,0.2819
2320,0.23,0.2819
2321,0.23,0.281
2322,0.229,0.28
2323,0.228,0.279
2324,0.227,0.279
2325,0.226,0.278
2326,0.225,0.277
2327,0.224,0.276
2328,0.223,0.275
2329,0.222,0.274
2330,0.221,0.273
2331,0.22,0.272
2332,0.219,0.272
2333,0.218,0.271
2334,0.217,0.27
2335,0.215,0.269
2336,0.214,0.268
2337,0.213,0.267
2338,0.212,0.266
2339,0.211,0.265
2340,0.21,0.264
2341,0.209,0.263
2342,0.207,0.262
2343,0.206,0.261
2344,0.205,0.261
2345,0.2039,0.26
2346,0.203,0.259
2347,0.202,0.258
2348,0.201,0.257
2349,0.2,0.256
2350,0.199,0.255
2351,0.198,0.255
2352,0.197,0.254
2353,0.196,0.253
2354,0.195,0.253
2355,0.194,0.252
2356,0.193,0.251
2357,0.193,0.25
2358,0.192,0.249
2359,0.191,0.249
2360,0.19,0.248
2361,0.189,0.247
2362,0.188,0.246
2363,0.187,0.246
2364,0.186,0.245
2365,0.185,0.244
2366,0.184,0.244
2367,0.183,0.243
2368,0.182,0.242
2369,0.182,0.241
2370,0.181,0.24
2371,0.18,0.239
2372,0.179,0.238
2373,0.178,0.238
2374,0.177,0.237
2375,0.176,0.236
2376,0.175,0.235
2377,0.1739,0.235
2378,0.1729,0.234
2379,0.1719,0.233
2380,0.171,0.232
2381,0.17,0.231
2382,0.169,0.231
2383,0.168,0.23
2384,0.167,0.229
2385,0.165,0.228
2386,0.164,0.227
2387,0.163,0.226
2388,0.162,0.225
2389,0.162,0.224
2390,0.161,0.224
2391,0.16,0.223
2392,0.159,0.222
2393,0.157,0.221
2394,0.156,0.221
2395,0.155,0.22
2396,0.154,0.219
2397,0.153,0.218
2398,0.152,0.217
2399,0.151,0.216
2400,0.15,0.216
2401,0.15,0.215
2402,0.149,0.214
2403,0.148,0.213
2404,0.146,0.212
2405,0.145,0.211
2406,0.144,0.21
2407,0.1429,0.21
2408,0.1419,0.209
2409,0.1409,0.208
2410,0.14,0.207
2411,0.139,0.206
2412,0.138,0.205
2413,0.137,0.205
2414,0.136,0.2039
2415,0.135,0.203
2416,0.134,0.202
2417,0.133,0.201
2418,0.131,0.2
2419,0.13,0.2
2420,0.13,0.199
2421,0.129,0.198
2422,0.127,0.197
2423,0.126,0.196
2424,0.125,0.195
2425,0.124,0.195
2426,0.123,0.194
2427,0.122,0.193
2428,0.122,0.193
2429,0.121,0.192
2430,0.119,0.191
2431,0.118,0.189
2432,0.117,0.188
2433,0.116,0.187
2434,0.115,0.186
2435,0.114,0.186
2436,0.113,0.186
2437,0.112,0.185
2438,0.111,0.184
2439,0.11,0.183
2440,0.109,0.182
2441,0.108,0.181
2442,0.107,0.181
2443,0.106,0.18
2444,0.105,0.179
2445,0.104,0.178
2446,0.103,0.178
2447,0.1019,0.177
2448,0.101,0.176
2449,0.1,0.175
2450,0.099,0.1739
2451,0.099,0.1729
2452,0.098,0.1729
2453,0.097,0.1719
2454,0.096,0.1719
2455,0.094,0.171
2456,0.093,0.171
2457,0.093,0.17
2458,0.092,0.169
2459,0.092,0.169
2460,0.092,0.168
2461,0.091,0.167
2462,0.09,0.166
2463,0.089,0.166
2464,0.088,0.165
2465,0.088,0.164
2466,0.0869,0.163
2467,0.085,0.162
2468,0.084,0.161
2469,0.083,0.162
2470,0.082,0.161
2471,0.082,0.161
2472,0.081,0.16
2473,0.081,0.159
2474,0.081,0.158
2475,0.081,0.157
2476,0.08,0.156
2477,0.08,0.156
2478,0.079,0.156
2479,0.078,0.155
2480,0.077,0.155
2481,0.076,0.155
2482,0.075,0.155
2483,0.075,0.154
2484,0.074,0.154
2485,0.074,0.153
2486,0.074,0.153
2487,0.073,0.152
2488,0.073,0.152
2489,0.073,0.152
2490,0.073,0.151
2491,0.073,0.151
2492,0.072,0.15
2493,0.0709,0.149
2494,0.0709,0.148
2495,0.07,0.148
2496,0.069,0.147
2497,0.069,0.147
2498,0.069,0.147
2499,0.069,0.146
2500,0.069,0.146
